﻿[	
	{
		"position": 1,
		"title": "It's backbone!",
		"content": "<p> Lorem ipsum dolor sit amet, consectetur adipiscing elit. Nullam nec leo sed urna varius lobortis vitae vitae elit. Praesent dictum odio nec dui facilisis non vehicula neque mattis. Vivamus orci turpis, viverra ac molestie ut, tincidunt ac massa. Vestibulum dignissim pellentesque enim non hendrerit. Nunc ultrices mi ante, at aliquam sapien. Maecenas dictum blandit est, eu venenatis elit laoreet at. Etiam at purus tellus, ac consectetur orci. Sed quam mi, dignissim convallis vehicula nec, mollis et sapien. Nunc feugiat consectetur urna quis vestibulum. Fusce consequat felis id dolor porta vitae pretium nisl pretium. Aliquam dictum eros vel eros condimentum euismod. Phasellus vitae mauris quam, cursus commodo nisi. Suspendisse suscipit orci sem. Fusce tempus suscipit dolor, eu porta augue consectetur vel. Proin enim nulla, varius quis vulputate consectetur, luctus et erat.</p>"
	},
	{
		"position": 2,
		"title": "It's really work!",
		"content": "<p> for Real!</p>"
	},
	{
		"position": 3,
		"title": "you can click here",
		"content": "<p> yeah! right!</p>"
	},
	{
		"position": 4,
		"title": "or even here!",
		"content": "<p> oh yeah! i'm invincible</p>"
	},
	{
		"position": 5,
		"title": "nobody can stop you!",
		"content": "<p> right! they can't!</p>"
	},
	{
		"position": 6,
		"title": "It's backbone!",
		"content": "<p> Another big ipsum text here: ipsum dolor sit amet, consectetur adipiscing elit. Nullam nec leo sed urna varius lobortis vitae vitae elit. Praesent dictum odio nec dui facilisis non vehicula neque mattis. Vivamus orci turpis, viverra ac molestie ut, tincidunt ac massa. Vestibulum dignissim pellentesque enim non hendrerit. Nunc ultrices mi ante, at aliquam sapien. Maecenas dictum blandit est, eu venenatis elit laoreet at. Etiam at purus tellus, ac consectetur orci. Sed quam mi, dignissim convallis vehicula nec, mollis et sapien. Nunc feugiat consectetur urna quis vestibulum. Fusce consequat felis id dolor porta vitae pretium nisl pretium. Aliquam dictum eros vel eros condimentum euismod. Phasellus vitae mauris quam, cursus commodo nisi. Suspendisse suscipit orci sem. Fusce tempus suscipit dolor, eu porta augue consectetur vel. Proin enim nulla, varius quis vulputate consectetur, luctus et erat.</p>"
	}
]