<?xml version="1.0" encoding="utf-8" ?><dwsync><file name="Application.cfm" server="23.23.80.150//squaretortilla/" local="3424441024" remote="12017329892" /><file name="MMHTTPDB.cfm" server="23.23.80.150//squaretortilla/" local="3424441024" remote="12017329892" /><file name="MMSERVERINFO.cfm" server="23.23.80.150//squaretortilla/" local="3424441024" remote="12017329892" /><file name="SQLServer7.cfm" server="23.23.80.150//squaretortilla/" local="3424441024" remote="12017329892" /><file name="Application.cfm" server="" local="3432063321" remote="16317016079" /><file name="MMHTTPDB.cfm" server="" local="3424441024" remote="16309873275" /><file name="MMSERVERINFO.cfm" server="" local="3424441024" remote="16309873276" /><file name="SQLServer7.cfm" server="" local="3424441024" remote="16309873277" /></dwsync>